,city,state,population_2018,population_2010,change,area_in_miles,area_in_kms,population_density_in_miles,population_density_in_kms,location,wiki_url,mayor,website
0,New York City,New York,8398748.0,8175133.0,2.74,301.5,780.9,28317.0,10933.0,40°39′49″N 73°56′19″W,https://en.wikipedia.org/wiki/New_York_City,Bill de Blasio,NYC.gov
1,Los Angeles,California,3990456.0,3792621.0,5.22,468.7,1213.9,8484.0,3276.0,34°01′10″N 118°24′39″W,https://en.wikipedia.org/wiki/Los_Angeles,Eric Garcetti,
2,Chicago,Illinois,2705994.0,2695598.0,0.39,227.3,588.7,11900.0,4600.0,41°50′15″N 87°40′54″W,https://en.wikipedia.org/wiki/Chicago,Lori Lightfoot,
3,Houston,Texas,2325502.0,2100263.0,10.72,637.5,1651.1,3613.0,1395.0,29°47′12″N 95°23′27″W,https://en.wikipedia.org/wiki/Houston,Sylvester Turner,houstontx.gov
4,Phoenix,Arizona,1660272.0,1445632.0,14.85,517.6,1340.6,3120.0,1200.0,33°34′20″N 112°05′24″W,"https://en.wikipedia.org/wiki/Phoenix,_Arizona",Kate Gallego,
5,Philadelphia,Pennsylvania,1584138.0,1526006.0,3.81,134.2,347.6,11683.0,4511.0,40°00′34″N 75°08′00″W,https://en.wikipedia.org/wiki/Philadelphia,Jim Kenney,www.phila.gov
6,San Antonio,Texas,1532233.0,1327407.0,15.43,461.0,1194.0,3238.0,1250.0,29°28′21″N 98°31′30″W,https://en.wikipedia.org/wiki/San_Antonio,Ron Nirenberg,www.SanAntonio.gov
7,San Diego,California,1425976.0,1307402.0,9.07,325.2,842.3,4325.0,1670.0,32°48′55″N 117°08′06″W,https://en.wikipedia.org/wiki/San_Diego,Kevin Faulconer,SanDiego.gov
8,Dallas,Texas,1345047.0,1197816.0,12.29,340.9,882.9,3866.0,1493.0,32°47′36″N 96°45′59″W,https://en.wikipedia.org/wiki/Dallas,Mike Rawlings,dallascityhall.com
9,San Jose,California,1030119.0,945942.0,8.9,177.5,459.7,5777.0,2231.0,37°17′48″N 121°49′08″W,"https://en.wikipedia.org/wiki/San_Jose,_California",Sam Liccardo,
10,Austin,Texas,964254.0,790390.0,22.0,312.7,809.9,3031.0,1170.0,30°18′14″N 97°45′16″W,"https://en.wikipedia.org/wiki/Austin,_Texas",Steve Adler,
11,Jacksonville,Florida,903889.0,821784.0,9.99,747.4,1935.8,1178.0,455.0,30°20′13″N 81°39′42″W,"https://en.wikipedia.org/wiki/Jacksonville,_Florida",Lenny Curry,
12,Fort Worth,Texas,895008.0,741206.0,20.75,342.9,888.1,2491.0,962.0,32°46′53″N 97°20′48″W,"https://en.wikipedia.org/wiki/Fort_Worth,_Texas",Betsy Price,fortworthtexas.gov
13,Columbus,Ohio,892533.0,787033.0,13.4,218.5,565.9,3936.0,1520.0,39°59′07″N 82°59′05″W,"https://en.wikipedia.org/wiki/Columbus,_Ohio",Andrew J. Ginther,
14,San Francisco,California,883305.0,805235.0,9.7,46.9,121.5,18569.0,7170.0,37°43′38″N 123°01′56″W,https://en.wikipedia.org/wiki/San_Francisco,London Breed,
15,Charlotte,North Carolina,872498.0,731424.0,19.29,305.4,791.0,2757.0,1064.0,35°12′28″N 80°49′52″W,"https://en.wikipedia.org/wiki/Charlotte,_North_Carolina",Vi Lyles,
16,Indianapolis,Indiana,867125.0,820445.0,5.69,361.5,936.3,2366.0,914.0,39°46′36″N 86°08′45″W,https://en.wikipedia.org/wiki/Indianapolis,Joe Hogsett,
17,Seattle,Washington,744955.0,608660.0,22.39,83.8,217.0,8405.0,3245.0,47°37′14″N 122°21′03″W,https://en.wikipedia.org/wiki/Seattle,Jenny Durkan,Seattle.gov
18,Denver,Colorado,716492.0,600158.0,19.38,153.3,397.0,4521.0,1746.0,39°45′43″N 104°52′52″W,https://en.wikipedia.org/wiki/Denver,Michael Hancock,denvergov.org
19,"Washington, D.C.",District of Columbia,702455.0,601723.0,16.74,61.1,158.2,11148.0,4304.0,38°54′15″N 77°01′02″W,"https://en.wikipedia.org/wiki/Washington,_D.C.",Muriel Bowser,dc.gov
20,Boston,Massachusetts,694583.0,617594.0,12.47,48.3,125.1,13938.0,5381.0,42°19′55″N 71°01′13″W,https://en.wikipedia.org/wiki/Boston,Marty Walsh,Boston.gov
21,El Paso,Texas,682669.0,649121.0,5.17,256.8,665.1,2660.0,1030.0,31°50′54″N 106°25′37″W,"https://en.wikipedia.org/wiki/El_Paso,_Texas",City Council,
22,Detroit,Michigan,672662.0,713777.0,5.76,138.8,359.5,4847.0,1871.0,42°22′59″N 83°06′08″W,https://en.wikipedia.org/wiki/Detroit,Mike Duggan,
23,Nashville,Tennessee,669053.0,601222.0,11.28,475.9,1232.6,1388.0,536.0,36°10′18″N 86°47′06″W,"https://en.wikipedia.org/wiki/Nashville,_Tennessee",,
24,Portland,Oregon,653115.0,583776.0,11.88,133.5,345.8,4793.0,1851.0,45°32′13″N 122°39′00″W,"https://en.wikipedia.org/wiki/Portland,_Oregon",,PortlandOregon.gov
25,Memphis,Tennessee,650618.0,646889.0,0.58,317.4,822.1,2056.0,794.0,35°06′10″N 89°58′39″W,"https://en.wikipedia.org/wiki/Memphis,_Tennessee",Jim Strickland,
26,Oklahoma City,Oklahoma,649021.0,579999.0,11.9,606.3,1570.3,1053.0,407.0,35°28′02″N 97°30′49″W,https://en.wikipedia.org/wiki/Oklahoma_City,David Holt,
27,Las Vegas,Nevada,644644.0,583756.0,10.43,134.4,348.1,4709.0,1818.0,36°13′45″N 115°15′36″W,https://en.wikipedia.org/wiki/Las_Vegas,Carolyn Goodman,
28,Louisville,Kentucky,620118.0,597337.0,3.81,263.5,682.5,2339.0,903.0,38°09′55″N 85°38′51″W,"https://en.wikipedia.org/wiki/Louisville,_Kentucky",Greg Fischer,LouisvilleKy.gov
29,Baltimore,Maryland,602495.0,620961.0,2.97,80.9,209.5,7598.0,2934.0,39°18′00″N 76°36′38″W,https://en.wikipedia.org/wiki/Baltimore,Jack Young,
30,Milwaukee,Wisconsin,592025.0,594833.0,0.47,96.2,249.2,6186.0,2388.0,43°03′48″N 87°58′00″W,https://en.wikipedia.org/wiki/Milwaukee,Tom Barrett,
31,Albuquerque,New Mexico,560218.0,545852.0,2.63,188.2,487.4,2972.0,1147.0,35°06′20″N 106°38′51″W,"https://en.wikipedia.org/wiki/Albuquerque,_New_Mexico",Tim Keller,
32,Tucson,Arizona,545975.0,520116.0,4.97,230.8,597.8,2299.0,888.0,32°09′11″N 110°52′14″W,"https://en.wikipedia.org/wiki/Tucson,_Arizona",,
33,Fresno,California,530093.0,494665.0,7.16,114.4,296.3,4563.0,1762.0,36°47′01″N 119°47′36″W,"https://en.wikipedia.org/wiki/Fresno,_California",Lee Brand,
34,Mesa,Arizona,508958.0,439041.0,15.92,137.9,357.2,3514.0,1357.0,33°24′07″N 111°43′03″W,"https://en.wikipedia.org/wiki/Mesa,_Arizona",John Giles,
35,Sacramento,California,508529.0,466488.0,9.01,97.9,253.6,5059.0,1953.0,38°34′00″N 121°28′07″W,"https://en.wikipedia.org/wiki/Sacramento,_California",Darrell Steinberg,
36,Atlanta,Georgia,498044.0,420003.0,18.58,133.5,345.8,3539.0,1366.0,33°45′46″N 84°25′22″W,https://en.wikipedia.org/wiki/Atlanta,Keisha Lance Bottoms,
37,Kansas City,Missouri,491918.0,459787.0,6.99,315.0,815.8,1528.0,590.0,39°07′30″N 94°33′04″W,"https://en.wikipedia.org/wiki/Kansas_City,_Missouri",Sly James,KCMO.gov
38,Colorado Springs,Colorado,472688.0,416427.0,13.51,195.6,506.6,2378.0,918.0,38°52′02″N 104°45′39″W,"https://en.wikipedia.org/wiki/Colorado_Springs,_Colorado",,
39,Miami,Florida,470914.0,399457.0,17.89,36.0,93.2,12599.0,4865.0,25°46′31″N 80°12′31″W,https://en.wikipedia.org/wiki/Miami,Francis X. Suarez,
40,Raleigh,North Carolina,469298.0,403892.0,16.19,145.1,375.8,3163.0,1221.0,35°49′50″N 78°38′30″W,"https://en.wikipedia.org/wiki/Raleigh,_North_Carolina",Nancy McFarlane,
41,Omaha,Nebraska,468262.0,408958.0,14.5,133.2,345.0,3356.0,1296.0,41°15′52″N 96°02′42″W,"https://en.wikipedia.org/wiki/Omaha,_Nebraska",Jean Stothert,
42,Long Beach,California,467354.0,462257.0,1.1,50.3,130.3,9347.0,3609.0,33°48′33″N 118°09′19″W,"https://en.wikipedia.org/wiki/Long_Beach,_California",Robert Garcia,
43,Virginia Beach,Virginia,450189.0,437994.0,2.78,244.7,633.8,1850.0,710.0,36°46′48″N 76°01′31″W,"https://en.wikipedia.org/wiki/Virginia_Beach,_Virginia",Bobby Dyer,www.vbgov.com
44,Oakland,California,429082.0,390724.0,9.82,55.9,144.8,7514.0,2901.0,37°46′11″N 122°13′33″W,"https://en.wikipedia.org/wiki/Oakland,_California",Libby Schaaf,
45,Minneapolis,Minnesota,425403.0,382578.0,11.19,54.0,139.9,7660.0,2960.0,44°57′48″N 93°16′06″W,https://en.wikipedia.org/wiki/Minneapolis,Jacob Frey,
46,Tulsa,Oklahoma,400669.0,391906.0,2.24,196.8,509.7,2048.0,791.0,36°07′40″N 95°54′08″W,"https://en.wikipedia.org/wiki/Tulsa,_Oklahoma",,cityoftulsa.org
47,Arlington,Texas,398112.0,365438.0,8.94,95.8,248.1,4100.0,1600.0,32°42′03″N 97°07′29″W,"https://en.wikipedia.org/wiki/Arlington,_Texas",Jeff Williams,
48,Tampa,Florida,392890.0,335709.0,17.03,113.4,293.7,3326.0,1284.0,27°58′12″N 82°28′47″W,"https://en.wikipedia.org/wiki/Tampa,_Florida",Jane Castor,
49,New Orleans,Louisiana,391006.0,343829.0,13.72,169.4,438.7,2311.0,892.0,30°03′12″N 89°56′04″W,https://en.wikipedia.org/wiki/New_Orleans,LaToya Cantrell,nola.gov
50,Wichita,Kansas,389255.0,382368.0,1.8,160.4,415.4,2431.0,939.0,37°41′27″N 97°20′45″W,"https://en.wikipedia.org/wiki/Wichita,_Kansas",Jeff Longwell,wichita.gov
51,Cleveland,Ohio,383793.0,396815.0,3.28,77.7,201.2,4965.0,1917.0,41°28′43″N 81°40′46″W,https://en.wikipedia.org/wiki/Cleveland,Frank G. Jackson,
52,Bakersfield,California,383579.0,347483.0,10.39,148.8,385.4,2529.0,976.0,35°19′16″N 119°01′06″W,"https://en.wikipedia.org/wiki/Bakersfield,_California",Karen K. Goh,
53,Aurora,Colorado,374114.0,325078.0,15.08,153.5,397.6,2356.0,910.0,39°41′17″N 104°41′23″W,"https://en.wikipedia.org/wiki/Aurora,_Colorado",Bob LeGare,
54,Anaheim,California,352005.0,336265.0,4.68,50.0,129.5,7021.0,2711.0,33°51′20″N 117°45′36″W,"https://en.wikipedia.org/wiki/Anaheim,_California",Harry Sidhu,
55,Honolulu,Hawaii,347397.0,337256.0,3.01,60.5,156.7,5815.0,2245.0,21°19′27″N 157°50′51″W,https://en.wikipedia.org/wiki/Honolulu,Kirk Caldwell,
56,Santa Ana,California,332725.0,324528.0,2.53,27.1,70.2,12333.0,4762.0,33°44′11″N 117°52′59″W,"https://en.wikipedia.org/wiki/Santa_Ana,_California",Miguel A. Pulido,ana.org
57,Riverside,California,330063.0,303871.0,8.62,81.2,210.3,3999.0,1544.0,33°56′17″N 117°23′36″W,"https://en.wikipedia.org/wiki/Riverside,_California",City council,
58,Corpus Christi,Texas,326554.0,305215.0,6.99,174.6,452.2,1866.0,720.0,27°45′15″N 97°10′24″W,"https://en.wikipedia.org/wiki/Corpus_Christi,_Texas",City council,
59,Lexington,Kentucky,323780.0,295803.0,9.46,283.6,734.5,1123.0,434.0,38°02′27″N 84°27′30″W,"https://en.wikipedia.org/wiki/Lexington,_Kentucky",,
60,Stockton,California,311178.0,291707.0,6.67,61.7,159.8,4977.0,1922.0,37°58′35″N 121°18′48″W,"https://en.wikipedia.org/wiki/Stockton,_California",Michael Tubbs,
61,Henderson,Nevada,310390.0,257729.0,20.43,104.7,271.2,2798.0,1080.0,36°00′35″N 115°02′09″W,"https://en.wikipedia.org/wiki/Henderson,_Nevada",Debra March,
62,Saint Paul,Minnesota,307695.0,285068.0,7.94,52.0,134.7,5815.0,2245.0,44°56′56″N 93°06′15″W,"https://en.wikipedia.org/wiki/Saint_Paul,_Minnesota",Melvin Carter,www.stpaul.gov
63,St. Louis,Missouri,302838.0,319294.0,5.15,62.0,160.6,5023.0,1939.0,38°38′09″N 90°14′41″W,https://en.wikipedia.org/wiki/St._Louis,Lyda Krewson,
64,Cincinnati,Ohio,302605.0,296943.0,1.91,77.4,200.5,3860.0,1490.0,39°08′25″N 84°30′21″W,https://en.wikipedia.org/wiki/Cincinnati,John Cranley,
65,Pittsburgh,Pennsylvania,301048.0,305704.0,1.52,55.4,143.5,5481.0,2116.0,40°26′23″N 79°58′36″W,https://en.wikipedia.org/wiki/Pittsburgh,Bill Peduto,PittsburghPA.gov
66,Greensboro,North Carolina,294722.0,269666.0,9.29,128.3,332.3,2237.0,864.0,36°05′42″N 79°49′37″W,"https://en.wikipedia.org/wiki/Greensboro,_North_Carolina",Nancy B. Vaughan,
67,Anchorage,Alaska,291538.0,291826.0,0.1,1706.6,4420.1,175.0,68.0,61°10′27″N 149°17′03″W,"https://en.wikipedia.org/wiki/Anchorage,_Alaska",Ethan Berkowitz,
68,Plano,Texas,288061.0,259841.0,10.86,71.7,185.7,3990.0,1540.0,33°03′03″N 96°44′52″W,"https://en.wikipedia.org/wiki/Plano,_Texas",Harry LaRosiliere,
69,Lincoln,Nebraska,287401.0,258379.0,11.23,92.1,238.5,3044.0,1175.0,40°48′38″N 96°40′49″W,"https://en.wikipedia.org/wiki/Lincoln,_Nebraska",Leirion Gaylor Baird,lincoln.ne.gov
70,Orlando,Florida,285713.0,238300.0,19.9,105.2,272.5,2635.0,1017.0,28°25′00″N 81°16′25″W,"https://en.wikipedia.org/wiki/Orlando,_Florida",Buddy Dyer,www.cityoforlando.net
71,Irvine,California,282572.0,212375.0,33.05,65.6,169.9,4057.0,1566.0,33°40′42″N 117°46′17″W,"https://en.wikipedia.org/wiki/Irvine,_California",,
72,Newark,New Jersey,282090.0,277140.0,1.79,24.1,62.4,11691.0,4514.0,40°43′27″N 74°10′21″W,"https://en.wikipedia.org/wiki/Newark,_New_Jersey",Ras Baraka,
73,Toledo,Ohio,274975.0,287208.0,4.26,80.7,209.0,3451.0,1332.0,41°39′51″N 83°34′55″W,"https://en.wikipedia.org/wiki/Toledo,_Ohio",Wade Kapszukiewicz,
74,Durham,North Carolina,274291.0,228330.0,20.13,109.8,284.4,2395.0,925.0,35°58′52″N 78°54′10″W,"https://en.wikipedia.org/wiki/Durham,_North_Carolina",Steve Schewel,
75,Chula Vista,California,271651.0,243916.0,11.37,49.6,128.5,5387.0,2080.0,32°37′40″N 117°00′55″W,"https://en.wikipedia.org/wiki/Chula_Vista,_California",City Council,
76,Fort Wayne,Indiana,267633.0,253691.0,5.5,110.6,286.5,2391.0,923.0,41°05′18″N 85°08′38″W,"https://en.wikipedia.org/wiki/Fort_Wayne,_Indiana",,
77,Jersey City,New Jersey,265549.0,247597.0,7.25,14.8,38.3,17848.0,6891.0,40°42′41″N 74°03′53″W,"https://en.wikipedia.org/wiki/Jersey_City,_New_Jersey",Steven Fulop,
78,St. Petersburg,Florida,265098.0,244769.0,8.31,61.8,160.1,4223.0,1631.0,27°45′43″N 82°38′39″W,"https://en.wikipedia.org/wiki/St._Petersburg,_Florida",,
79,Laredo,Texas,261639.0,236091.0,10.82,101.1,261.8,2544.0,982.0,27°33′37″N 99°29′21″W,"https://en.wikipedia.org/wiki/Laredo,_Texas",Pete Saenz,laredotexas.gov
80,Madison,Wisconsin,258054.0,233209.0,10.65,77.0,199.4,3280.0,1270.0,43°05′16″N 89°25′48″W,"https://en.wikipedia.org/wiki/Madison,_Wisconsin",Satya Rhodes-Conway,
81,Chandler,Arizona,257165.0,236123.0,8.91,64.9,168.1,3813.0,1472.0,33°16′58″N 111°51′18″W,"https://en.wikipedia.org/wiki/Chandler,_Arizona",Kevin Hartke,
82,Buffalo,New York,256304.0,261310.0,1.92,40.4,104.6,6359.0,2455.0,42°53′33″N 78°51′35″W,"https://en.wikipedia.org/wiki/Buffalo,_New_York",Byron Brown,www.city-buffalo.com
83,Lubbock,Texas,255885.0,229573.0,11.46,124.6,322.7,2027.0,783.0,33°33′56″N 101°53′12″W,"https://en.wikipedia.org/wiki/Lubbock,_Texas",,
84,Scottsdale,Arizona,255310.0,217385.0,17.45,183.9,476.3,1341.0,518.0,33°41′03″N 111°51′40″W,"https://en.wikipedia.org/wiki/Scottsdale,_Arizona",Jim Lane,
85,Reno,Nevada,250998.0,225221.0,11.45,107.3,277.9,2286.0,883.0,39°32′57″N 119°51′00″W,"https://en.wikipedia.org/wiki/Reno,_Nevada",,
86,Glendale,Arizona,250702.0,226721.0,10.58,59.1,153.1,4161.0,1607.0,33°31′59″N 112°11′24″W,"https://en.wikipedia.org/wiki/Glendale,_Arizona",Jerry Weiers (Non-Partisan),
87,Gilbert,Arizona,248279.0,208453.0,19.11,68.0,176.1,3487.0,1346.0,33°18′37″N 111°44′35″W,"https://en.wikipedia.org/wiki/Gilbert,_Arizona",Jenn Daniels,
88,Winston–Salem,North Carolina,246328.0,229617.0,7.28,132.5,343.2,1828.0,706.0,36°06′10″N 80°15′40″W,"https://en.wikipedia.org/wiki/Winston%E2%80%93Salem,_North_Carolina",,
89,North Las Vegas,Nevada,245949.0,216961.0,13.36,98.0,253.8,2436.0,941.0,36°17′09″N 115°05′38″W,"https://en.wikipedia.org/wiki/North_Las_Vegas,_Nevada",John Lee,
90,Norfolk,Virginia,244076.0,242803.0,0.52,53.3,138.0,4599.0,1776.0,36°55′23″N 76°14′41″W,"https://en.wikipedia.org/wiki/Norfolk,_Virginia",Kenny Alexander,
91,Chesapeake,Virginia,242634.0,222209.0,9.19,338.5,876.7,703.0,271.0,36°40′46″N 76°18′06″W,"https://en.wikipedia.org/wiki/Chesapeake,_Virginia","Dr. Richard W. ""Rick"" West",www.cityofchesapeake.net
92,Garland,Texas,242507.0,226876.0,6.89,57.0,147.6,4122.0,1592.0,32°54′35″N 96°37′49″W,"https://en.wikipedia.org/wiki/Garland,_Texas",City Council,garlandtx.gov
93,Irving,Texas,242242.0,216290.0,12.0,67.0,173.5,3557.0,1373.0,32°51′28″N 96°58′12″W,"https://en.wikipedia.org/wiki/Irving,_Texas",City Council,cityofirving.org
94,Hialeah,Florida,238942.0,224669.0,6.35,21.5,55.7,10995.0,4245.0,25°52′12″N 80°18′10″W,"https://en.wikipedia.org/wiki/Hialeah,_Florida",Carlos Hernández,
95,Fremont,California,237807.0,214089.0,11.08,77.5,200.7,3008.0,1161.0,37°29′40″N 121°56′28″W,"https://en.wikipedia.org/wiki/Fremont,_California",City council,
96,Boise,Idaho,228790.0,205671.0,11.24,82.1,212.6,2718.0,1049.0,43°36′01″N 116°13′54″W,"https://en.wikipedia.org/wiki/Boise,_Idaho",Dave Bieter,
97,Richmond,Virginia,228783.0,204214.0,12.03,59.8,154.9,3732.0,1441.0,37°31′53″N 77°28′34″W,"https://en.wikipedia.org/wiki/Richmond,_Virginia",,www.ci.richmond.va.us
98,Baton Rouge,Louisiana,221599.0,229493.0,3.44,85.9,222.5,2651.0,1024.0,30°26′32″N 91°07′51″W,"https://en.wikipedia.org/wiki/Baton_Rouge,_Louisiana",-President,
99,Spokane,Washington,219190.0,208916.0,4.92,68.7,177.9,3144.0,1214.0,47°40′01″N 117°26′00″W,"https://en.wikipedia.org/wiki/Spokane,_Washington",,www.spokanecity.org
100,Des Moines,Iowa,216853.0,203433.0,6.6,88.9,230.2,2424.0,936.0,41°34′21″N 93°36′37″W,"https://en.wikipedia.org/wiki/Des_Moines,_Iowa",,www.dmgov.org
101,Tacoma,Washington,216279.0,198397.0,9.01,49.7,128.7,4251.0,1641.0,47°15′08″N 122°27′35″W,"https://en.wikipedia.org/wiki/Tacoma,_Washington",Victoria Woodards,www.cityoftacoma.org
102,San Bernardino,California,215941.0,209924.0,2.87,61.5,159.3,3516.0,1358.0,34°08′30″N 117°17′37″W,"https://en.wikipedia.org/wiki/San_Bernardino,_California",John Valdivia,
103,Modesto,California,215030.0,201165.0,6.89,43.0,111.4,4934.0,1905.0,37°38′15″N 121°00′11″W,"https://en.wikipedia.org/wiki/Modesto,_California",Ted Brandvold,
104,Fontana,California,213739.0,196069.0,9.01,43.0,111.4,4876.0,1883.0,34°06′32″N 117°27′46″W,"https://en.wikipedia.org/wiki/Fontana,_California",City Council,
105,Santa Clarita,California,210089.0,176320.0,19.15,52.8,136.8,3446.0,1331.0,34°24′11″N 118°30′15″W,"https://en.wikipedia.org/wiki/Santa_Clarita,_California",Marsha McLean,
106,Birmingham,Alabama,209880.0,212237.0,1.11,146.1,378.4,1452.0,561.0,33°31′39″N 86°47′56″W,"https://en.wikipedia.org/wiki/Birmingham,_Alabama",Randall Woodfin,
107,Oxnard,California,209877.0,197899.0,6.05,26.9,69.7,7729.0,2984.0,34°12′08″N 119°12′17″W,"https://en.wikipedia.org/wiki/Oxnard,_California",City council,
108,Fayetteville,North Carolina,209468.0,200564.0,4.44,147.7,382.5,1386.0,535.0,35°04′58″N 78°58′25″W,"https://en.wikipedia.org/wiki/Fayetteville,_North_Carolina",Mitch Colvin,
109,Moreno Valley,California,209050.0,193365.0,8.11,51.3,132.9,4006.0,1547.0,33°55′24″N 117°12′21″W,"https://en.wikipedia.org/wiki/Moreno_Valley,_California",,
110,Rochester,New York,206284.0,210565.0,2.03,35.8,92.7,5835.0,2253.0,43°10′12″N 77°37′01″W,"https://en.wikipedia.org/wiki/Rochester,_New_York",Lovely Warren,www.cityofrochester.gov
111,Glendale,California,201361.0,191719.0,5.03,30.4,78.7,6606.0,2551.0,34°10′53″N 118°14′45″W,"https://en.wikipedia.org/wiki/Glendale,_California",City council,
112,Huntington Beach,California,200641.0,189992.0,5.6,26.9,69.7,7459.0,2880.0,33°41′26″N 118°00′33″W,"https://en.wikipedia.org/wiki/Huntington_Beach,_California",City council,
113,Salt Lake City,Utah,200591.0,186440.0,7.59,111.2,288.0,1742.0,673.0,40°46′37″N 111°55′52″W,https://en.wikipedia.org/wiki/Salt_Lake_City,Jackie Biskupski,
114,Grand Rapids,Michigan,200217.0,188040.0,6.48,44.4,115.0,4424.0,1708.0,42°57′40″N 85°39′20″W,"https://en.wikipedia.org/wiki/Grand_Rapids,_Michigan",Rosalynn Bliss,
115,Amarillo,Texas,199924.0,190695.0,4.84,101.4,262.6,1968.0,760.0,35°12′00″N 101°49′49″W,"https://en.wikipedia.org/wiki/Amarillo,_Texas",Ginger Nelson,
116,Yonkers,New York,199663.0,195976.0,1.88,18.0,46.6,11156.0,4307.0,40°56′45″N 73°52′03″W,"https://en.wikipedia.org/wiki/Yonkers,_New_York",Mike Spano,www.yonkersny.gov
117,Aurora,Illinois,199602.0,197899.0,0.86,44.9,116.3,4479.0,1729.0,41°45′49″N 88°17′24″W,"https://en.wikipedia.org/wiki/Aurora,_Illinois",,
118,Montgomery,Alabama,198218.0,205764.0,3.67,159.8,413.9,1252.0,483.0,32°20′50″N 86°15′58″W,"https://en.wikipedia.org/wiki/Montgomery,_Alabama",Todd Strange,
119,Akron,Ohio,198006.0,199110.0,0.55,62.0,160.6,3188.0,1231.0,41°04′50″N 81°31′17″W,"https://en.wikipedia.org/wiki/Akron,_Ohio",,
120,Little Rock,Arkansas,197881.0,193524.0,2.25,118.7,307.4,1673.0,646.0,34°43′31″N 92°21′31″W,"https://en.wikipedia.org/wiki/Little_Rock,_Arkansas",Frank Scott Jr.,
121,Huntsville,Alabama,197318.0,180105.0,9.56,213.4,552.7,905.0,349.0,34°41′56″N 86°40′23″W,"https://en.wikipedia.org/wiki/Huntsville,_Alabama",Tommy Battle,
122,Augusta,Georgia,196939.0,195844.0,0.56,302.5,783.5,652.0,252.0,33°21′56″N 82°04′24″W,"https://en.wikipedia.org/wiki/Augusta,_Georgia",Hardie Davis,AugustaGA.gov
123,Port St. Lucie,Florida,195248.0,164603.0,18.62,118.9,307.9,1557.0,601.0,27°16′50″N 80°23′18″W,"https://en.wikipedia.org/wiki/Port_St._Lucie,_Florida",,
124,Grand Prairie,Texas,194614.0,175396.0,10.96,72.3,187.3,2637.0,1018.0,32°41′13″N 97°01′16″W,"https://en.wikipedia.org/wiki/Grand_Prairie,_Texas",City Council,
125,Columbus,Georgia,194160.0,189885.0,2.25,216.4,560.5,913.0,353.0,32°30′37″N 84°52′30″W,"https://en.wikipedia.org/wiki/Columbus,_Georgia","B. H. ""Skip"" Henderson III (",
126,Tallahassee,Florida,193551.0,181376.0,6.71,100.4,260.0,1901.0,734.0,30°27′18″N 84°15′12″W,"https://en.wikipedia.org/wiki/Tallahassee,_Florida",John Dailey,
127,Overland Park,Kansas,192536.0,173372.0,11.05,75.1,194.5,2516.0,971.0,38°53′20″N 94°41′26″W,"https://en.wikipedia.org/wiki/Overland_Park,_Kansas",Carl R. Gerlach,opkansas.org
128,Tempe,Arizona,192364.0,161719.0,18.95,40.0,103.6,4562.0,1761.0,33°23′18″N 111°55′54″W,"https://en.wikipedia.org/wiki/Tempe,_Arizona",Mark Mitchell (,
129,McKinney,Texas,191645.0,131117.0,46.16,63.0,163.2,2735.0,1056.0,33°11′55″N 96°40′05″W,"https://en.wikipedia.org/wiki/McKinney,_Texas",George Fuller,
130,Mobile,Alabama,189572.0,195111.0,2.84,139.4,361.0,1384.0,534.0,30°40′06″N 88°06′01″W,"https://en.wikipedia.org/wiki/Mobile,_Alabama",Sandy Stimpson,
131,Cape Coral,Florida,189343.0,154305.0,22.71,105.6,273.5,1703.0,658.0,26°38′36″N 81°59′51″W,"https://en.wikipedia.org/wiki/Cape_Coral,_Florida",,www.capecoral.net
132,Shreveport,Louisiana,188987.0,199311.0,5.18,107.1,277.4,1820.0,700.0,32°28′01″N 93°47′32″W,"https://en.wikipedia.org/wiki/Shreveport,_Louisiana",,shreveportla.gov
133,Frisco,Texas,188170.0,116989.0,60.84,67.7,175.3,2417.0,933.0,33°09′19″N 96°49′21″W,"https://en.wikipedia.org/wiki/Frisco,_Texas",City Council,
134,Knoxville,Tennessee,187500.0,178874.0,4.82,98.5,255.1,1891.0,730.0,35°58′15″N 83°56′57″W,"https://en.wikipedia.org/wiki/Knoxville,_Tennessee",Madeline Rogero,
135,Worcester,Massachusetts,185877.0,181045.0,2.67,37.4,96.9,4933.0,1905.0,42°16′10″N 71°48′28″W,"https://en.wikipedia.org/wiki/Worcester,_Massachusetts",,
136,Brownsville,Texas,183392.0,175023.0,4.78,132.5,343.2,1387.0,536.0,25°59′57″N 97°27′18″W,"https://en.wikipedia.org/wiki/Brownsville,_Texas",Vacant,
137,Vancouver,Washington,183012.0,161791.0,13.12,46.9,121.5,3728.0,1439.0,45°38′06″N 122°35′45″W,"https://en.wikipedia.org/wiki/Vancouver,_Washington",,
138,Fort Lauderdale,Florida,182595.0,165521.0,10.32,34.6,89.6,5166.0,1995.0,26°08′28″N 80°08′48″W,"https://en.wikipedia.org/wiki/Fort_Lauderdale,_Florida",Dean Trantalis,
139,Sioux Falls,South Dakota,181883.0,153888.0,18.19,75.4,195.3,2312.0,893.0,43°32′18″N 96°43′55″W,"https://en.wikipedia.org/wiki/Sioux_Falls,_South_Dakota",Paul Ten Haken,
140,Ontario,California,181107.0,163924.0,10.48,49.9,129.2,3471.0,1340.0,34°02′22″N 117°36′15″W,"https://en.wikipedia.org/wiki/Ontario,_California",City Council,
141,Chattanooga,Tennessee,180557.0,167674.0,7.68,143.1,370.6,1241.0,479.0,35°03′58″N 85°14′54″W,"https://en.wikipedia.org/wiki/Chattanooga,_Tennessee",,
142,Providence,Rhode Island,179335.0,178042.0,0.73,18.4,47.7,9740.0,3760.0,41°49′23″N 71°25′08″W,"https://en.wikipedia.org/wiki/Providence,_Rhode_Island",,www.providenceri.com
143,Newport News,Virginia,178626.0,180719.0,1.16,69.1,179.0,2631.0,1016.0,37°04′34″N 76°31′19″W,"https://en.wikipedia.org/wiki/Newport_News,_Virginia",McKinley L. Price,www.nnva.gov
144,Rancho Cucamonga,California,177751.0,165269.0,7.55,40.0,103.6,4413.0,1704.0,34°07′24″N 117°33′51″W,"https://en.wikipedia.org/wiki/Rancho_Cucamonga,_California",City council,
145,Santa Rosa,California,177586.0,167815.0,5.82,41.3,107.0,4241.0,1637.0,38°26′48″N 122°42′22″W,"https://en.wikipedia.org/wiki/Santa_Rosa,_California",Tom Schwedhelm,
146,Oceanside,California,176080.0,167086.0,5.38,41.3,107.0,4249.0,1641.0,33°13′28″N 117°18′22″W,"https://en.wikipedia.org/wiki/Oceanside,_California",City council,
147,Salem,Oregon,173442.0,154637.0,12.16,48.6,125.9,3445.0,1330.0,44°55′25″N 123°01′24″W,"https://en.wikipedia.org/wiki/Salem,_Oregon",,
148,Elk Grove,California,172886.0,153015.0,12.99,42.2,109.3,4022.0,1553.0,38°24′53″N 121°23′06″W,"https://en.wikipedia.org/wiki/Elk_Grove,_California",Steve Ly,
149,Garden Grove,California,172646.0,170883.0,1.03,18.0,46.6,9714.0,3751.0,33°46′44″N 117°57′38″W,"https://en.wikipedia.org/wiki/Garden_Grove,_California",,
150,Pembroke Pines,Florida,172374.0,154019.0,11.92,33.0,85.5,5109.0,1973.0,26°01′16″N 80°20′25″W,"https://en.wikipedia.org/wiki/Pembroke_Pines,_Florida",Frank C. Ortis (,
151,Peoria,Arizona,172259.0,154065.0,11.81,175.7,455.1,934.0,361.0,33°47′10″N 112°18′29″W,"https://en.wikipedia.org/wiki/Peoria,_Arizona",Cathy Carlat (,www.peoriaaz.gov/
152,Eugene,Oregon,171245.0,156185.0,9.64,44.1,114.2,3777.0,1458.0,44°03′24″N 123°06′58″W,"https://en.wikipedia.org/wiki/Eugene,_Oregon",,www.eugene-or.gov
153,Corona,California,168819.0,152374.0,10.79,39.5,102.3,4222.0,1630.0,33°51′43″N 117°33′56″W,"https://en.wikipedia.org/wiki/Corona,_California",Jason Scott,
154,Cary,North Carolina,168160.0,135234.0,24.35,56.5,146.3,2873.0,1109.0,35°46′51″N 78°48′48″W,"https://en.wikipedia.org/wiki/Cary,_North_Carolina",Harold Weinbrecht,
155,Springfield,Missouri,168122.0,159498.0,5.41,82.3,213.2,2033.0,785.0,37°11′39″N 93°17′29″W,"https://en.wikipedia.org/wiki/Springfield,_Missouri",Ken McClure,www.springfieldmo.gov
156,Fort Collins,Colorado,167830.0,143986.0,16.56,55.8,144.5,2943.0,1136.0,40°32′54″N 105°03′53″W,"https://en.wikipedia.org/wiki/Fort_Collins,_Colorado",,
157,Jackson,Mississippi,164422.0,173514.0,5.24,111.0,287.5,1524.0,588.0,32°18′57″N 90°12′46″W,"https://en.wikipedia.org/wiki/Jackson,_Mississippi",Chokwe Antar Lumumba,
158,Alexandria,Virginia,160530.0,139966.0,14.69,15.0,38.8,10387.0,4010.0,38°49′12″N 77°05′03″W,"https://en.wikipedia.org/wiki/Alexandria,_Virginia",,
159,Hayward,California,159620.0,144186.0,10.7,45.5,117.8,3493.0,1349.0,37°37′43″N 122°06′09″W,"https://en.wikipedia.org/wiki/Hayward,_California",Barbara Halliday,
160,Lancaster,California,159053.0,156633.0,1.55,94.3,244.2,1698.0,656.0,34°41′37″N 118°10′31″W,"https://en.wikipedia.org/wiki/Lancaster,_California",R. Rex Parris,
161,Lakewood,Colorado,156798.0,142980.0,9.66,42.9,111.1,3599.0,1390.0,39°41′56″N 105°07′03″W,"https://en.wikipedia.org/wiki/Lakewood,_Colorado",,
162,Clarksville,Tennessee,156794.0,132929.0,17.95,98.3,254.6,1529.0,590.0,36°33′59″N 87°20′43″W,"https://en.wikipedia.org/wiki/Clarksville,_Tennessee",Joe Pitts,cityofclarksville.com
163,Palmdale,California,156667.0,152750.0,2.56,106.0,274.5,1484.0,573.0,34°35′28″N 118°06′19″W,"https://en.wikipedia.org/wiki/Palmdale,_California",,
164,Salinas,California,156259.0,150441.0,3.87,23.6,61.1,6662.0,2572.0,36°41′25″N 121°38′01″W,"https://en.wikipedia.org/wiki/Salinas,_California",Joe Gunter,
165,Springfield,Massachusetts,155032.0,153060.0,1.29,31.9,82.6,4830.0,1860.0,42°06′56″N 72°32′24″W,"https://en.wikipedia.org/wiki/Springfield,_Massachusetts",Domenic Sarno,
166,Hollywood,Florida,154823.0,140768.0,9.98,27.3,70.7,5568.0,2150.0,26°01′52″N 80°09′53″W,"https://en.wikipedia.org/wiki/Hollywood,_Florida",Josh Levy,www.HollywoodFL.org
167,Pasadena,Texas,153219.0,149043.0,2.8,43.5,112.7,3525.0,1361.0,29°39′31″N 95°09′02″W,"https://en.wikipedia.org/wiki/Pasadena,_Texas",,ci.pasadena.tx.us
168,Sunnyvale,California,153185.0,140081.0,9.35,22.0,57.0,6944.0,2681.0,37°23′09″N 122°01′35″W,"https://en.wikipedia.org/wiki/Sunnyvale,_California",Larry Klein,
169,Macon,Georgia,153095.0,91351.0,67.59,249.3,645.7,612.0,236.0,32°48′32″N 83°41′39″W,"https://en.wikipedia.org/wiki/Macon,_Georgia",Robert Reichert,maconbibb.us
170,Kansas City,Kansas,152958.0,145786.0,4.92,124.8,323.2,1216.0,470.0,39°07′21″N 94°44′30″W,"https://en.wikipedia.org/wiki/Kansas_City,_Kansas",David Alvey,wycokck.org
171,Pomona,California,152361.0,149058.0,2.22,23.0,59.6,6630.0,2560.0,34°03′31″N 117°45′40″W,"https://en.wikipedia.org/wiki/Pomona,_California",,
172,Escondido,California,152213.0,143911.0,5.77,37.1,96.1,4087.0,1578.0,33°07′59″N 117°04′26″W,"https://en.wikipedia.org/wiki/Escondido,_California",Paul McNamara (D) ,
173,Killeen,Texas,149103.0,127921.0,16.56,53.5,138.6,2680.0,1030.0,31°04′40″N 97°43′55″W,"https://en.wikipedia.org/wiki/Killeen,_Texas",City Council,
174,Naperville,Illinois,148304.0,141853.0,4.55,38.7,100.2,3802.0,1468.0,41°44′57″N 88°09′43″W,"https://en.wikipedia.org/wiki/Naperville,_Illinois",,
175,Joliet,Illinois,148099.0,147433.0,0.45,64.4,166.8,2302.0,889.0,41°31′04″N 88°08′56″W,"https://en.wikipedia.org/wiki/Joliet,_Illinois",,www.cityofjoliet.info
176,Bellevue,Washington,147599.0,122363.0,20.62,33.5,86.8,4221.0,1630.0,47°35′52″N 122°09′23″W,"https://en.wikipedia.org/wiki/Bellevue,_Washington",John Chelminiak,www.bellevuewa.gov
177,Rockford,Illinois,146526.0,152871.0,4.15,63.5,164.5,2325.0,898.0,42°15′32″N 89°03′53″W,"https://en.wikipedia.org/wiki/Rockford,_Illinois",Thomas McNamara (D),
178,Savannah,Georgia,145862.0,136286.0,7.03,103.6,268.3,1417.0,547.0,32°00′09″N 81°09′13″W,"https://en.wikipedia.org/wiki/Savannah,_Georgia",Eddie DeLoach (,savannahga.gov
179,Paterson,New Jersey,145627.0,146199.0,0.39,8.4,21.8,17500.0,6800.0,40°54′53″N 74°09′46″W,"https://en.wikipedia.org/wiki/Paterson,_New_Jersey",Andre Sayegh,
180,Torrance,California,145182.0,145438.0,0.18,20.5,53.1,7180.0,2770.0,33°50′06″N 118°20′29″W,"https://en.wikipedia.org/wiki/Torrance,_California",City council,
181,Bridgeport,Connecticut,144900.0,144229.0,0.47,16.1,41.7,9064.0,3500.0,41°11′15″N 73°11′45″W,"https://en.wikipedia.org/wiki/Bridgeport,_Connecticut",Joe Ganim,
182,McAllen,Texas,143433.0,129877.0,10.44,58.4,151.3,2435.0,940.0,26°13′56″N 98°14′47″W,"https://en.wikipedia.org/wiki/McAllen,_Texas",City Council,
183,Mesquite,Texas,142816.0,139824.0,2.14,47.2,122.2,3045.0,1176.0,32°45′46″N 96°35′20″W,"https://en.wikipedia.org/wiki/Mesquite,_Texas",,
184,Syracuse,New York,142749.0,145170.0,1.67,25.0,64.7,5735.0,2214.0,43°02′28″N 76°08′37″W,"https://en.wikipedia.org/wiki/Syracuse,_New_York",,
185,Midland,Texas,142344.0,111147.0,28.07,74.4,192.7,1809.0,698.0,32°01′29″N 102°06′49″W,"https://en.wikipedia.org/wiki/Midland,_Texas",Jerry Morales,midlandtexas.gov
186,Pasadena,California,141371.0,137122.0,3.1,23.0,59.6,6176.0,2385.0,34°09′38″N 118°08′23″W,"https://en.wikipedia.org/wiki/Pasadena,_California",Terry Tornek,
187,Murfreesboro,Tennessee,141344.0,108755.0,29.97,55.9,144.8,2360.0,910.0,35°51′08″N 86°24′58″W,"https://en.wikipedia.org/wiki/Murfreesboro,_Tennessee",Shane McFarland (,
188,Miramar,Florida,140823.0,122041.0,15.39,29.4,76.1,4709.0,1818.0,25°58′37″N 80°20′09″W,"https://en.wikipedia.org/wiki/Miramar,_Florida",Wayne M. Messam,
189,Dayton,Ohio,140640.0,141527.0,0.63,55.7,144.3,2522.0,974.0,39°46′39″N 84°11′59″W,"https://en.wikipedia.org/wiki/Dayton,_Ohio",,
190,Fullerton,California,139640.0,135161.0,3.31,22.4,58.0,6282.0,2425.0,33°53′09″N 117°55′41″W,"https://en.wikipedia.org/wiki/Fullerton,_California",City Council,
191,Olathe,Kansas,139605.0,125872.0,10.91,60.9,157.7,2225.0,859.0,38°53′03″N 94°49′10″W,"https://en.wikipedia.org/wiki/Olathe,_Kansas",Michael Copeland,olatheks.org
192,Orange,California,139484.0,136416.0,2.25,25.4,65.8,5532.0,2136.0,33°47′13″N 117°51′41″W,"https://en.wikipedia.org/wiki/Orange,_California",,cityoforange.org
193,Thornton,Colorado,139436.0,118772.0,17.4,35.7,92.5,3829.0,1478.0,39°55′10″N 104°56′34″W,"https://en.wikipedia.org/wiki/Thornton,_Colorado",,
194,Roseville,California,139117.0,118788.0,17.11,43.0,111.4,3085.0,1191.0,38°46′08″N 121°19′08″W,"https://en.wikipedia.org/wiki/Roseville,_California",Susan Rohan,
195,Denton,Texas,138541.0,113383.0,22.19,93.4,241.9,1433.0,553.0,33°13′00″N 97°08′29″W,"https://en.wikipedia.org/wiki/Denton,_Texas",City Council,
196,Waco,Texas,138183.0,124805.0,10.72,89.0,230.5,1510.0,580.0,31°33′36″N 97°11′10″W,"https://en.wikipedia.org/wiki/Waco,_Texas",City Council,Texas.com
197,Surprise,Arizona,138161.0,117517.0,17.57,107.9,279.5,1230.0,470.0,33°40′14″N 112°27′10″W,"https://en.wikipedia.org/wiki/Surprise,_Arizona",Skip Hall,www.surpriseaz.gov
198,Carrollton,Texas,136879.0,119097.0,14.93,36.3,94.0,3674.0,1419.0,32°59′18″N 96°53′59″W,"https://en.wikipedia.org/wiki/Carrollton,_Texas",Kevin Falconer,www.cityofcarrollton.com
199,West Valley City,Utah,136401.0,129480.0,5.35,35.5,91.9,3847.0,1485.0,40°41′19″N 112°00′42″W,"https://en.wikipedia.org/wiki/West_Valley_City,_Utah",,
200,Charleston,South Carolina,136208.0,120083.0,13.43,109.0,282.3,1233.0,476.0,32°49′04″N 79°57′32″W,"https://en.wikipedia.org/wiki/Charleston,_South_Carolina",John Tecklenburg,
201,Warren,Michigan,134587.0,134056.0,0.4,34.4,89.1,3928.0,1517.0,42°29′34″N 83°01′30″W,"https://en.wikipedia.org/wiki/Warren,_Michigan",James R. Fouts,
202,Hampton,Virginia,134313.0,137436.0,2.27,51.5,133.4,2629.0,1015.0,37°02′53″N 76°17′50″W,"https://en.wikipedia.org/wiki/Hampton,_Virginia",Donnie Tuck,www.hampton.gov
203,Gainesville,Florida,133857.0,124354.0,7.64,62.3,161.4,2112.0,815.0,29°40′44″N 82°20′46″W,"https://en.wikipedia.org/wiki/Gainesville,_Florida",Lauren Poe,
204,Visalia,California,133800.0,124442.0,7.52,37.5,97.1,3495.0,1349.0,36°19′38″N 119°19′44″W,"https://en.wikipedia.org/wiki/Visalia,_California",City Council,
205,Coral Springs,Florida,133507.0,121096.0,10.25,23.8,61.6,5465.0,2110.0,26°16′15″N 80°15′33″W,"https://en.wikipedia.org/wiki/Coral_Springs,_Florida", and ,www.CoralSprings.org
206,Columbia,South Carolina,133451.0,129272.0,3.23,133.5,345.8,1006.0,388.0,34°01′45″N 80°53′53″W,"https://en.wikipedia.org/wiki/Columbia,_South_Carolina",Stephen K. Benjamin,
207,Cedar Rapids,Iowa,133174.0,126326.0,5.42,70.8,183.4,1852.0,715.0,41°58′01″N 91°40′40″W,"https://en.wikipedia.org/wiki/Cedar_Rapids,_Iowa",,rapids.org
208,Sterling Heights,Michigan,132964.0,129699.0,2.52,36.5,94.5,3628.0,1401.0,42°34′52″N 83°01′49″W,"https://en.wikipedia.org/wiki/Sterling_Heights,_Michigan",Michael C. Taylor,
209,New Haven,Connecticut,130418.0,129779.0,0.49,18.7,48.4,6948.0,2683.0,41°18′39″N 72°55′30″W,"https://en.wikipedia.org/wiki/New_Haven,_Connecticut",Toni Harp,
210,Stamford,Connecticut,129775.0,122643.0,5.82,37.6,97.4,3434.0,1326.0,41°04′48″N 73°32′46″W,"https://en.wikipedia.org/wiki/Stamford,_Connecticut",David Martin,
211,Concord,California,129688.0,122067.0,6.24,30.5,79.0,4221.0,1630.0,37°58′20″N 122°00′06″W,"https://en.wikipedia.org/wiki/Concord,_California",Carlyn Obringer,
212,Kent,Washington,129618.0,92411.0,40.26,33.7,87.3,3784.0,1461.0,47°23′17″N 122°12′46″W,"https://en.wikipedia.org/wiki/Kent,_Washington",Dana Ralph (Elected November 2017),kentwa.gov
213,Santa Clara,California,129488.0,116468.0,11.18,18.4,47.7,6845.0,2643.0,37°21′53″N 121°58′04″W,"https://en.wikipedia.org/wiki/Santa_Clara,_California",City Council,
214,Elizabeth,New Jersey,128885.0,124969.0,3.13,12.3,31.9,10459.0,4038.0,40°39′59″N 74°11′37″W,"https://en.wikipedia.org/wiki/Elizabeth,_New_Jersey","J. Christian ""Chris"" Bollwage",
215,Round Rock,Texas,128739.0,99887.0,28.88,35.6,92.2,3396.0,1311.0,30°31′31″N 97°39′58″W,"https://en.wikipedia.org/wiki/Round_Rock,_Texas",,roundrocktexas.gov
216,Thousand Oaks,California,127690.0,126683.0,0.79,55.2,143.0,2335.0,902.0,34°11′36″N 118°52′27″W,"https://en.wikipedia.org/wiki/Thousand_Oaks,_California",,
217,Lafayette,Louisiana,126143.0,120623.0,4.58,53.8,139.3,2372.0,916.0,30°12′27″N 92°01′43″W,"https://en.wikipedia.org/wiki/Lafayette,_Louisiana",,www.lafayettetravel.com
218,Athens,Georgia,125964.0,115452.0,9.11,116.4,301.5,1060.0,410.0,33°56′59″N 83°22′12″W,"https://en.wikipedia.org/wiki/Athens,_Georgia",,athensclarkecounty.com
219,Topeka,Kansas,125904.0,127473.0,1.23,61.5,159.3,2062.0,796.0,39°02′05″N 95°41′46″W,"https://en.wikipedia.org/wiki/Topeka,_Kansas",Michelle De La Isla,topeka.org
220,Simi Valley,California,125851.0,124237.0,1.3,41.5,107.5,3044.0,1175.0,34°16′01″N 118°44′55″W,"https://en.wikipedia.org/wiki/Simi_Valley,_California",City council,
221,Fargo,North Dakota,124844.0,105549.0,18.28,49.3,127.7,2450.0,950.0,46°51′55″N 96°49′44″W,"https://en.wikipedia.org/wiki/Fargo,_North_Dakota",Tim Mahoney,
222,Norman,Oklahoma,123471.0,110925.0,11.31,178.8,463.1,683.0,264.0,35°14′26″N 97°20′43″W,"https://en.wikipedia.org/wiki/Norman,_Oklahoma",,
223,Columbia,Missouri,123180.0,108500.0,13.53,65.0,168.3,1856.0,717.0,38°57′06″N 92°19′43″W,"https://en.wikipedia.org/wiki/Columbia,_Missouri",,
224,Abilene,Texas,122999.0,117063.0,5.07,106.7,276.4,1146.0,442.0,32°27′16″N 99°44′17″W,"https://en.wikipedia.org/wiki/Abilene,_Texas",City Council,
225,Wilmington,North Carolina,122607.0,106476.0,15.15,51.6,133.6,2278.0,880.0,34°12′33″N 77°53′09″W,"https://en.wikipedia.org/wiki/Wilmington,_North_Carolina",Bill Saffo,www.wilmingtonnc.gov/
226,Hartford,Connecticut,122587.0,124775.0,1.75,17.4,45.1,7083.0,2735.0,41°45′57″N 72°40′54″W,"https://en.wikipedia.org/wiki/Hartford,_Connecticut",,
227,Victorville,California,122312.0,115903.0,5.53,73.3,189.8,1668.0,644.0,34°31′40″N 117°21′13″W,"https://en.wikipedia.org/wiki/Victorville,_California",Gloria Garcia,www.victorvilleca.gov
228,Pearland,Texas,122149.0,91252.0,33.86,46.3,119.9,2453.0,947.0,29°33′21″N 95°19′23″W,"https://en.wikipedia.org/wiki/Pearland,_Texas",,
229,Vallejo,California,121913.0,115942.0,5.15,30.7,79.5,3951.0,1525.0,38°06′28″N 122°15′50″W,"https://en.wikipedia.org/wiki/Vallejo,_California",Bob Sampayan,
230,Ann Arbor,Michigan,121890.0,113934.0,6.98,28.1,72.8,4298.0,1659.0,42°16′34″N 83°43′51″W,"https://en.wikipedia.org/wiki/Ann_Arbor,_Michigan",,
231,Berkeley,California,121643.0,112580.0,8.05,10.5,27.2,11547.0,4458.0,37°52′01″N 122°17′57″W,"https://en.wikipedia.org/wiki/Berkeley,_California",Jesse Arreguín,
232,Allentown,Pennsylvania,121433.0,118032.0,2.88,17.5,45.3,6882.0,2657.0,40°35′37″N 75°28′42″W,"https://en.wikipedia.org/wiki/Allentown,_Pennsylvania",Ray O'Connell,
233,Richardson,Texas,120981.0,99223.0,21.93,28.6,74.1,3963.0,1530.0,32°58′20″N 96°42′29″W,"https://en.wikipedia.org/wiki/Richardson,_Texas",City Council,
234,Odessa,Texas,120568.0,99940.0,20.64,45.2,117.1,2608.0,1007.0,31°53′02″N 102°20′28″W,"https://en.wikipedia.org/wiki/Odessa,_Texas",City Council,
235,Arvada,Colorado,120492.0,106433.0,13.21,38.6,100.0,3043.0,1175.0,39°50′01″N 105°09′01″W,"https://en.wikipedia.org/wiki/Arvada,_Colorado",Marc Williams,
236,Cambridge,Massachusetts,118977.0,105162.0,13.14,6.4,16.6,17289.0,6675.0,42°22′34″N 71°07′07″W,"https://en.wikipedia.org/wiki/Cambridge,_Massachusetts",,
237,Sugar Land,Texas,118600.0,91252.0,29.97,34.0,88.1,3488.0,1347.0,29°35′58″N 95°36′51″W,"https://en.wikipedia.org/wiki/Sugar_Land,_Texas",City Council,
238,Beaumont,Texas,118428.0,118296.0,0.11,82.1,212.6,1441.0,556.0,30°05′06″N 94°08′43″W,"https://en.wikipedia.org/wiki/Beaumont,_Texas",City Council,
239,Lansing,Michigan,118427.0,114297.0,3.61,39.1,101.3,2967.0,1146.0,42°42′51″N 84°33′33″W,"https://en.wikipedia.org/wiki/Lansing,_Michigan",Andy Schor,
240,Evansville,Indiana,117963.0,117429.0,0.45,47.3,122.5,2526.0,975.0,37°59′16″N 87°32′05″W,"https://en.wikipedia.org/wiki/Evansville,_Indiana",Lloyd Winnecke,
241,Rochester,Minnesota,116961.0,106769.0,9.55,54.6,141.4,2088.0,806.0,44°00′55″N 92°28′38″W,"https://en.wikipedia.org/wiki/Rochester,_Minnesota",Kim Norton,www.rochestermn.gov
242,Independence,Missouri,116925.0,116830.0,0.08,77.8,201.5,1504.0,581.0,39°05′08″N 94°21′08″W,"https://en.wikipedia.org/wiki/Independence,_Missouri",Eileen Weir,
243,Fairfield,California,116884.0,105321.0,10.98,40.9,105.9,2806.0,1083.0,38°15′33″N 122°01′56″W,"https://en.wikipedia.org/wiki/Fairfield,_California",Harry T. Price,
244,Provo,Utah,116702.0,112488.0,3.75,41.7,108.0,2803.0,1082.0,40°14′43″N 111°38′41″W,"https://en.wikipedia.org/wiki/Provo,_Utah",,
245,Clearwater,Florida,116478.0,107685.0,8.17,25.9,67.1,4415.0,1705.0,27°58′44″N 82°46′00″W,"https://en.wikipedia.org/wiki/Clearwater,_Florida",,
246,College Station,Texas,116218.0,93857.0,23.82,51.0,132.1,2199.0,849.0,30°35′07″N 96°17′47″W,"https://en.wikipedia.org/wiki/College_Station,_Texas",Karl Mooney,
247,West Jordan,Utah,116046.0,103712.0,11.89,32.3,83.7,3520.0,1360.0,40°36′09″N 112°00′03″W,"https://en.wikipedia.org/wiki/West_Jordan,_Utah",,www.westjordan.utah.gov
248,Carlsbad,California,115877.0,105328.0,10.02,37.7,97.6,3023.0,1167.0,33°07′26″N 117°16′58″W,"https://en.wikipedia.org/wiki/Carlsbad,_California",Carl Armstrong-Champ,
249,El Monte,California,115586.0,113475.0,1.86,9.6,24.9,12063.0,4658.0,34°04′29″N 118°01′45″W,"https://en.wikipedia.org/wiki/El_Monte,_California",Andre Quintero,
250,Murrieta,California,114985.0,103466.0,11.13,33.6,87.0,3324.0,1283.0,33°34′20″N 117°11′25″W,"https://en.wikipedia.org/wiki/Murrieta,_California",,
251,Temecula,California,114742.0,100097.0,14.63,37.3,96.6,3031.0,1170.0,33°29′35″N 117°07′54″W,"https://en.wikipedia.org/wiki/Temecula,_California",City council,
252,Springfield,Illinois,114694.0,116250.0,1.34,60.1,155.7,1925.0,743.0,39°47′28″N 89°38′41″W,"https://en.wikipedia.org/wiki/Springfield,_Illinois",,
253,Palm Bay,Florida,114194.0,103190.0,10.66,65.7,170.2,1676.0,647.0,27°59′08″N 80°39′45″W,"https://en.wikipedia.org/wiki/Palm_Bay,_Florida",,www.PalmBayFlorida.org
254,Costa Mesa,California,113615.0,109960.0,3.32,15.7,40.7,7186.0,2775.0,33°39′57″N 117°54′44″W,"https://en.wikipedia.org/wiki/Costa_Mesa,_California",City Council,
255,Westminster,Colorado,113479.0,106114.0,6.94,31.7,82.1,3592.0,1387.0,39°52′56″N 105°03′52″W,"https://en.wikipedia.org/wiki/Westminster,_Colorado",Herb Atchison,
256,North Charleston,South Carolina,113237.0,97471.0,16.18,73.7,190.9,1483.0,573.0,32°55′04″N 80°03′54″W,"https://en.wikipedia.org/wiki/North_Charleston,_South_Carolina",,
257,Miami Gardens,Florida,113069.0,107167.0,5.51,18.2,47.1,6212.0,2398.0,25°56′56″N 80°14′37″W,"https://en.wikipedia.org/wiki/Miami_Gardens,_Florida",Oliver G. Gilbert III,fl.gov
258,Manchester,New Hampshire,112525.0,109565.0,2.7,33.1,85.7,3339.0,1289.0,42°59′06″N 71°26′39″W,"https://en.wikipedia.org/wiki/Manchester,_New_Hampshire",Joyce Craig,
259,High Point,North Carolina,112316.0,104371.0,7.61,55.2,143.0,2015.0,778.0,35°59′24″N 79°59′26″W,"https://en.wikipedia.org/wiki/High_Point,_North_Carolina",Jay W. Wagner,
260,Downey,California,112269.0,111772.0,0.44,12.4,32.1,9134.0,3527.0,33°56′18″N 118°07′51″W,"https://en.wikipedia.org/wiki/Downey,_California",City council,
261,Clovis,California,112022.0,95631.0,17.14,24.2,62.7,4404.0,1700.0,36°49′42″N 119°41′06″W,"https://en.wikipedia.org/wiki/Clovis,_California",Bob Whalen ,
262,Pompano Beach,Florida,111954.0,99845.0,12.13,24.0,62.2,4558.0,1760.0,26°14′30″N 80°08′02″W,"https://en.wikipedia.org/wiki/Pompano_Beach,_Florida",Rex Hardin,
263,Pueblo,Colorado,111750.0,106595.0,4.84,53.6,138.8,2058.0,795.0,38°16′12″N 104°36′44″W,"https://en.wikipedia.org/wiki/Pueblo,_Colorado",,pueblo.us
264,Elgin,Illinois,111683.0,108188.0,3.23,37.4,96.9,2998.0,1158.0,42°02′23″N 88°19′18″W,"https://en.wikipedia.org/wiki/Elgin,_Illinois",Dave Kaptain,
265,Lowell,Massachusetts,111670.0,106519.0,4.84,13.6,35.2,8129.0,3139.0,42°38′20″N 71°19′16″W,"https://en.wikipedia.org/wiki/Lowell,_Massachusetts",William Samaras,
266,Antioch,California,111535.0,102372.0,8.95,29.4,76.1,3772.0,1456.0,37°58′45″N 121°47′46″W,"https://en.wikipedia.org/wiki/Antioch,_California",Sean Wright,
267,West Palm Beach,Florida,111398.0,99919.0,11.49,55.1,142.7,1963.0,758.0,26°44′47″N 80°07′30″W,"https://en.wikipedia.org/wiki/West_Palm_Beach,_Florida",Keith James,wpb.org
268,Peoria,Illinois,111388.0,115007.0,3.15,48.2,124.8,2371.0,915.0,40°45′05″N 89°37′03″W,"https://en.wikipedia.org/wiki/Peoria,_Illinois",,
269,Everett,Washington,111262.0,103019.0,8.0,33.3,86.2,3275.0,1264.0,47°57′24″N 122°11′29″W,"https://en.wikipedia.org/wiki/Everett,_Washington",Cassie Franklin,
270,Ventura,California,111128.0,106433.0,4.41,21.8,56.5,5027.0,1941.0,34°16′04″N 119°15′15″W,"https://en.wikipedia.org/wiki/Ventura,_California",Neal Andrews,
271,Centennial,Colorado,110831.0,100377.0,10.41,29.5,76.4,3727.0,1439.0,39°35′26″N 104°52′09″W,"https://en.wikipedia.org/wiki/Centennial,_Colorado",,
272,Lakeland,Florida,110516.0,97422.0,13.44,65.9,170.7,1615.0,624.0,28°03′20″N 81°57′18″W,"https://en.wikipedia.org/wiki/Lakeland,_Florida",Bill Mutz,www.lakelandgov.net/
273,Gresham,Oregon,110158.0,105594.0,4.32,23.3,60.3,4786.0,1848.0,45°30′08″N 122°26′30″W,"https://en.wikipedia.org/wiki/Gresham,_Oregon",Shane Bemis,www.greshamoregon.gov
274,Richmond,California,110146.0,103701.0,6.21,30.1,78.0,3648.0,1409.0,37°57′08″N 122°21′38″W,"https://en.wikipedia.org/wiki/Richmond,_California",,
275,Billings,Montana,109550.0,104170.0,5.16,43.7,113.2,2525.0,975.0,45°47′19″N 108°33′00″W,"https://en.wikipedia.org/wiki/Billings,_Montana",,www.cityofbillings.net
276,Inglewood,California,109419.0,109673.0,0.23,9.1,23.6,12160.0,4700.0,33°57′22″N 118°20′39″W,"https://en.wikipedia.org/wiki/Inglewood,_California",,
277,Broken Arrow,Oklahoma,109171.0,98850.0,10.44,61.7,159.8,1741.0,672.0,36°02′11″N 95°46′52″W,"https://en.wikipedia.org/wiki/Broken_Arrow,_Oklahoma",Craig Thurmond,
278,Sandy Springs,Georgia,108797.0,93853.0,15.92,37.7,97.6,2804.0,1083.0,33°55′53″N 84°22′07″W,"https://en.wikipedia.org/wiki/Sandy_Springs,_Georgia",Rusty Paul,
279,Jurupa Valley,California,108393.0,0.0,,42.9,111.1,2414.0,932.0,34°00′09″N 117°28′03″W,"https://en.wikipedia.org/wiki/Jurupa_Valley,_California",,
280,Hillsboro,Oregon,108389.0,91611.0,18.31,25.0,64.7,4207.0,1624.0,45°31′41″N 122°56′09″W,"https://en.wikipedia.org/wiki/Hillsboro,_Oregon",Steve Callaway,www.hillsboro-oregon.gov
281,Waterbury,Connecticut,108093.0,110366.0,2.06,28.5,73.8,3799.0,1467.0,41°33′31″N 73°02′12″W,"https://en.wikipedia.org/wiki/Waterbury,_Connecticut",,
282,Santa Maria,California,107408.0,99553.0,7.89,22.8,59.1,4662.0,1800.0,34°56′00″N 120°26′38″W,"https://en.wikipedia.org/wiki/Santa_Maria,_California",Alice Patino,
283,Boulder,Colorado,107353.0,97385.0,10.24,24.8,64.2,4358.0,1683.0,40°01′37″N 105°15′07″W,"https://en.wikipedia.org/wiki/Boulder,_Colorado",,
284,Greeley,Colorado,107348.0,92889.0,15.57,47.8,123.8,2176.0,840.0,40°24′55″N 104°46′11″W,"https://en.wikipedia.org/wiki/Greeley,_Colorado",,
285,Daly City,California,107008.0,101123.0,5.82,7.6,19.7,14009.0,5409.0,37°42′03″N 122°27′54″W,"https://en.wikipedia.org/wiki/Daly_City,_California",Raymond A. Buenaventura,
286,Meridian,Idaho,106804.0,75092.0,42.23,29.8,77.2,3584.0,1384.0,43°36′51″N 116°23′56″W,"https://en.wikipedia.org/wiki/Meridian,_Idaho",Tammy de Weerd,
287,Lewisville,Texas,106586.0,95290.0,11.85,36.7,95.1,2852.0,1101.0,33°02′48″N 96°58′54″W,"https://en.wikipedia.org/wiki/Lewisville,_Texas",,
288,Davie,Florida,106558.0,91992.0,15.83,34.9,90.4,2919.0,1127.0,26°04′45″N 80°17′06″W,"https://en.wikipedia.org/wiki/Davie,_Florida",Judy Paul (,
289,West Covina,California,106311.0,106098.0,0.2,16.0,41.4,6740.0,2600.0,34°03′21″N 117°54′36″W,"https://en.wikipedia.org/wiki/West_Covina,_California",Lloyd Johnson,
290,League City,Texas,106244.0,83560.0,27.15,51.2,132.6,1992.0,769.0,29°29′24″N 95°06′33″W,"https://en.wikipedia.org/wiki/League_City,_Texas",Pat Hallisey,www.leaguecitytx.gov
291,Tyler,Texas,105729.0,96900.0,9.11,56.6,146.6,1852.0,715.0,32°19′02″N 95°18′21″W,"https://en.wikipedia.org/wiki/Tyler,_Texas",Martin Heines,
292,Norwalk,California,105120.0,105549.0,0.41,9.7,25.1,10946.0,4226.0,33°54′27″N 118°05′01″W,"https://en.wikipedia.org/wiki/Norwalk,_California",,
293,San Mateo,California,105025.0,97207.0,8.04,12.1,31.3,8592.0,3317.0,37°33′37″N 122°18′38″W,"https://en.wikipedia.org/wiki/San_Mateo,_California",Diane Papan,
294,Green Bay,Wisconsin,104879.0,104057.0,0.79,45.4,117.6,2316.0,894.0,44°31′15″N 87°59′03″W,"https://en.wikipedia.org/wiki/Green_Bay,_Wisconsin",,
295,Wichita Falls,Texas,104576.0,104553.0,0.02,72.2,187.0,1450.0,560.0,33°54′24″N 98°31′33″W,"https://en.wikipedia.org/wiki/Wichita_Falls,_Texas",Stephen Santellana,
296,Sparks,Nevada,104246.0,90264.0,15.49,35.9,93.0,2810.0,1080.0,39°33′16″N 119°44′08″W,"https://en.wikipedia.org/wiki/Sparks,_Nevada",Ron Smith (,
297,Lakewood,New Jersey,104157.0,92843.0,12.19,24.7,64.0,4079.0,1575.0,40°04′38″N 74°12′01″W,"https://en.wikipedia.org/wiki/Lakewood_Township,_New_Jersey",Raymond Coles (,
298,Burbank,California,103695.0,103340.0,0.34,17.4,45.1,6003.0,2318.0,34°11′24″N 118°19′35″W,"https://en.wikipedia.org/wiki/Burbank,_California",Emily Gabel-Luddy,burbankca.gov
299,Rialto,California,103440.0,99171.0,4.3,22.3,57.8,4633.0,1789.0,34°06′42″N 117°23′18″W,"https://en.wikipedia.org/wiki/Rialto,_California",City council,
300,Allen,Texas,103383.0,84246.0,22.72,27.1,70.2,3715.0,1434.0,33°05′59″N 96°39′47″W,"https://en.wikipedia.org/wiki/Allen,_Texas",City Council,
301,El Cajon,California,103241.0,99478.0,3.78,14.5,37.6,7156.0,2763.0,32°48′06″N 116°57′37″W,"https://en.wikipedia.org/wiki/El_Cajon,_California",Bill Wells,
302,Las Cruces,New Mexico,102926.0,97618.0,5.44,76.9,199.2,1323.0,511.0,32°19′35″N 106°47′23″W,"https://en.wikipedia.org/wiki/Las_Cruces,_New_Mexico",Ken Miyagishima,
303,Renton,Washington,102153.0,90927.0,12.35,23.4,60.6,4314.0,1666.0,47°28′34″N 122°11′31″W,"https://en.wikipedia.org/wiki/Renton,_Washington",Denis Law,www.rentonwa.gov
304,Davenport,Iowa,102085.0,99685.0,2.41,62.9,162.9,1631.0,630.0,41°33′15″N 90°36′14″W,"https://en.wikipedia.org/wiki/Davenport,_Iowa",,
305,South Bend,Indiana,101860.0,101168.0,0.68,41.4,107.2,2457.0,949.0,41°40′37″N 86°16′08″W,"https://en.wikipedia.org/wiki/South_Bend,_Indiana",Pete Buttigieg,www.southbendin.gov
306,Vista,California,101224.0,93834.0,7.88,18.7,48.4,5436.0,2099.0,33°11′22″N 117°14′19″W,"https://en.wikipedia.org/wiki/Vista,_California",Judy Ritter,
307,Tuscaloosa,Alabama,101113.0,90468.0,11.77,71.7,185.7,1399.0,540.0,33°12′23″N 87°32′05″W,"https://en.wikipedia.org/wiki/Tuscaloosa,_Alabama",Walter Maddox,
308,Clinton,Michigan,100800.0,96796.0,4.14,28.1,72.8,3573.0,1380.0,42°35′25″N 82°55′01″W,"https://en.wikipedia.org/wiki/Clinton_Township,_Macomb_County,_Michigan",,
309,Edison,New Jersey,100693.0,99967.0,0.73,30.1,78.0,3389.0,1309.0,40°30′14″N 74°20′58″W,"https://en.wikipedia.org/wiki/Edison,_New_Jersey",Thomas Lankey,
310,Woodbridge,New Jersey,100450.0,99585.0,0.87,23.3,60.3,4351.0,1680.0,40°33′39″N 74°17′34″W,"https://en.wikipedia.org/wiki/Woodbridge_Township,_New_Jersey",John McCormac,
311,San Angelo,Texas,100215.0,93200.0,7.53,59.9,155.1,1681.0,649.0,31°26′28″N 100°27′02″W,"https://en.wikipedia.org/wiki/San_Angelo,_Texas",,
312,Kenosha,Wisconsin,100164.0,99218.0,0.95,28.0,72.5,3577.0,1381.0,42°34′56″N 87°50′44″W,"https://en.wikipedia.org/wiki/Kenosha,_Wisconsin",John Antaramian,www.kenosha.org
313,Vacaville,California,100154.0,92428.0,8.36,29.0,75.1,3449.0,1332.0,38°21′14″N 121°58′22″W,"https://en.wikipedia.org/wiki/Vacaville,_California",Ron Rowlett,
